{
    "Gryffindor": [
        [
            -2.147413214745771
        ],
        [
            0.032992979828238955
        ],
        [
            0.25123784506237645
        ],
        [
            -0.591643754769982
        ],
        [
            0.3440436363199632
        ],
        [
            -0.13724375497398622
        ],
        [
            0.45038370856774573
        ],
        [
            -0.630141258061385
        ],
        [
            -0.5847518478615353
        ],
        [
            -0.12997459387273244
        ],
        [
            -0.22135134194130468
        ],
        [
            0.6818812334259551
        ],
        [
            0.0465517024312868
        ],
        [
            -0.05166482628712865
        ],
        [
            -0.05763743071604021
        ],
        [
            0.07685343660695183
        ],
        [
            0.06027401661814658
        ],
        [
            0.4478096739675401
        ],
        [
            0.22654290193689863
        ],
        [
            -0.571313778229373
        ],
        [
            0.04419149014849472
        ],
        [
            0.22729507983475503
        ],
        [
            0.7099974017602717
        ]
    ],
    "Hufflepuff": [
        [
            -1.6120083518676265
        ],
        [
            -0.019499831951075727
        ],
        [
            1.6642886706410762
        ],
        [
            1.0629179855157116
        ],
        [
            0.975548417958008
        ],
        [
            -0.7262681842176009
        ],
        [
            -0.8489940481788787
        ],
        [
            0.4842977662322273
        ],
        [
            0.35884221575301395
        ],
        [
            -0.24058893167490114
        ],
        [
            -0.1998841457001878
        ],
        [
            -0.040348514629758296
        ],
        [
            -0.02419107530781498
        ],
        [
            -0.16993512863839605
        ],
        [
            -0.18834353647028973
        ],
        [
            -0.2342285169786541
        ],
        [
            -0.08680662908724468
        ],
        [
            -0.8569387230374564
        ],
        [
            0.19253616123777137
        ],
        [
            0.3545301228759083
        ],
        [
            -0.39955805544282624
        ],
        [
            0.1777489548490294
        ],
        [
            -0.4997203348906338
        ]
    ],
    "Slytherin": [
        [
            -2.5590699784862854
        ],
        [
            0.051532354503578875
        ],
        [
            -1.0947910261204516
        ],
        [
            -0.7413527015084438
        ],
        [
            -1.4790648986552863
        ],
        [
            -0.1451903784510936
        ],
        [
            -0.3361053069455389
        ],
        [
            0.004108106007339051
        ],
        [
            0.16787619967339926
        ],
        [
            0.38670984455534735
        ],
        [
            -0.3581614977506126
        ],
        [
            -0.4786356866398798
        ],
        [
            0.07097725271574393
        ],
        [
            0.062252961075108866
        ],
        [
            0.3913010459479369
        ],
        [
            0.3882276387088727
        ],
        [
            0.015371664066829853
        ],
        [
            -0.31853673174836117
        ],
        [
            -0.1980399001148035
        ],
        [
            0.1609469143739594
        ],
        [
            0.5142415796051274
        ],
        [
            0.36003530983371795
        ],
        [
            0.09287901815558176
        ]
    ],
    "Ravenclaw": [
        [
            -1.9346076888302015
        ],
        [
            -0.04920389722347874
        ],
        [
            -0.7969342653667655
        ],
        [
            0.30414092134444265
        ],
        [
            0.047480744398356076
        ],
        [
            1.0023390697898746
        ],
        [
            0.6928859818578628
        ],
        [
            0.1061222662630763
        ],
        [
            0.06998505712737416
        ],
        [
            -0.06985308580498835
        ],
        [
            0.7093611930762924
        ],
        [
            -0.16121727352515888
        ],
        [
            -0.07163853849178087
        ],
        [
            0.19396102140621738
        ],
        [
            -0.030511193138697944
        ],
        [
            -0.13941598196619023
        ],
        [
            0.1334530835889074
        ],
        [
            0.7023903692121943
        ],
        [
            -0.09454865652235263
        ],
        [
            0.0715976658070134
        ],
        [
            -0.15640631600601165
        ],
        [
            -0.6918251249203436
        ],
        [
            -0.0881120478681142
        ]
    ]
}
