{
    "Gryffindor": [
        [
            -1.0610494950323726
        ],
        [
            0.18350045303458037
        ],
        [
            -0.4123737953934729
        ],
        [
            0.15555643775227257
        ],
        [
            -0.11636948624079227
        ],
        [
            0.36062929216592615
        ],
        [
            -0.5083959043772049
        ],
        [
            -0.5101700051494663
        ],
        [
            -0.1608382630901342
        ],
        [
            -0.25206895661946643
        ],
        [
            0.5037308723940526
        ],
        [
            -0.004810344807431975
        ],
        [
            -0.030112329573811682
        ],
        [
            0.012512587602865341
        ],
        [
            0.09187140097044373
        ],
        [
            0.3626011385201843
        ],
        [
            0.13060217160552282
        ],
        [
            -0.5044517943296439
        ],
        [
            -0.09340250706596755
        ],
        [
            0.25736893041505343
        ],
        [
            0.557850219545573
        ]
    ],
    "Hufflepuff": [
        [
            -0.7459699107533393
        ],
        [
            0.9544901021532507
        ],
        [
            0.661805434870194
        ],
        [
            0.5833759454351953
        ],
        [
            -0.473170820734934
        ],
        [
            -0.6076878372232604
        ],
        [
            0.3062826198484517
        ],
        [
            0.2618000964478223
        ],
        [
            -0.268428494269667
        ],
        [
            -0.10209477110380623
        ],
        [
            -0.0763918442153202
        ],
        [
            -0.02028391798106376
        ],
        [
            -0.06501126080983136
        ],
        [
            -0.04459549183419552
        ],
        [
            -0.018277941417532625
        ],
        [
            -0.6094872914230426
        ],
        [
            0.11359367275931642
        ],
        [
            0.2595373230015143
        ],
        [
            -0.32691254971281364
        ],
        [
            0.08818898031196958
        ],
        [
            -0.3303623794212923
        ]
    ],
    "Slytherin": [
        [
            -1.3237225087463114
        ],
        [
            -0.5966343315894873
        ],
        [
            -0.54218143229003
        ],
        [
            -0.8842279837980753
        ],
        [
            -0.12266745824481624
        ],
        [
            -0.21707564547559044
        ],
        [
            0.02167902181325513
        ],
        [
            0.08540900314762055
        ],
        [
            0.3253512836682563
        ],
        [
            -0.2823681816637266
        ],
        [
            -0.2973689134178229
        ],
        [
            0.009319721032384678
        ],
        [
            0.11244087024673471
        ],
        [
            0.14315680583128979
        ],
        [
            -0.04488166204378948
        ],
        [
            -0.21198987366976182
        ],
        [
            -0.11401775788244228
        ],
        [
            0.08330587374360833
        ],
        [
            0.3900086643672232
        ],
        [
            0.28431358733640355
        ],
        [
            0.043450273855805605
        ]
    ],
    "Ravenclaw": [
        [
            -0.9072384598054195
        ],
        [
            -0.5463078104244936
        ],
        [
            0.2289535764073597
        ],
        [
            0.1323404210773454
        ],
        [
            0.7405098152724809
        ],
        [
            0.5512586784560601
        ],
        [
            0.07687571643607298
        ],
        [
            0.0823177089013135
        ],
        [
            0.05580742670224699
        ],
        [
            0.5972007268082681
        ],
        [
            -0.0555148748106718
        ],
        [
            0.05068206625764487
        ],
        [
            0.040148373297788864
        ],
        [
            -0.06079394632702473
        ],
        [
            0.06258457984996177
        ],
        [
            0.5559147112576658
        ],
        [
            -0.07426612440420984
        ],
        [
            0.08344571593814826
        ],
        [
            0.01914252308956075
        ],
        [
            -0.5878589762836716
        ],
        [
            -0.10277753289563783
        ]
    ]
}